Mass,Damping,Stiffness,Force,Max_Displacement
3.7633312087724566,0.9201186656687715,4.621631454981738,2.707449103577172,0.58582107421
3.0230071857436767,1.5881377946327049,2.7065940330704437,1.5478166788171652,0.57186879891
4.016781097064046,1.1627832925472525,18.479613121991537,14.091676313315684,0.76255256105
3.4818416924409483,0.1319339212985567,13.542425450180025,17.583614252741267,1.2984095292
1.939773519744283,1.38210281167986,16.620612443454778,8.595771491250286,0.51717537609
0.847068762238274,1.3993344514546384,1.1900697707677932,4.475381877143555,3.7606046192
3.2463704504299224,0.6146290882162428,3.9787186214165606,3.3117263396563237,0.83236002713
3.742896914689967,1.1244829311774518,7.714649664006853,6.6512804096350004,0.86216234039
3.8805902930048624,1.3273827321569367,18.49820016069643,12.656250218889818,0.68418819717
4.611490643501121,1.3654018130593348,9.989567044452656,18.67081738587939,1.869031691
2.357568860134869,0.6335132884900789,8.560072233095328,9.346325434154448,1.0918512344
2.014630225445006,0.11621623987529978,2.743263701400531,2.0984836165966776,0.76495876628
2.2917930622169385,1.327735785894624,17.477356274335325,16.848557333527378,0.96402207914
4.92318794651601,0.8757003443646978,19.177142088262123,3.4881550472483047,0.18189128657
0.6913235070332332,0.7916180015077203,16.523549246814632,10.13861341043167,0.6135856927
0.5190779651484674,1.8040112781526163,11.153767728219623,2.5126970848874555,0.22527787436
4.235790689363766,0.8005470136664333,4.33584453499243,10.365360702358158,2.3906209318
1.253450162137365,1.9608597970245518,17.72165760155602,12.021467115036193,0.67834890987
3.9935038528824953,0.6268484140311197,13.6618180019025,14.535927697596762,1.0639819456
1.7038234300312054,1.2561390799377814,3.955279725010276,15.110929186560611,3.8204451359
0.8477889231677609,0.7377827093579654,19.94117961744027,1.0347018535666819,0.051887695383
1.9529283516920424,0.9810188953801949,10.396566580777764,17.648132351990167,1.6974962085
4.763640243289039,0.9250158207865162,16.520413982567362,16.984637378536846,1.0280999857
4.525770008042419,1.5078491519719341,8.243230399928027,10.138189609681394,1.2298806557
0.8325913134487344,1.0097067905369803,12.00732519110751,7.502139064104135,0.62479685898
3.937622423086718,1.22932967638557,7.14387488176681,6.860946889074802,0.96039572398
1.1141560940035395,0.2493134703353166,16.521100406509724,1.5468618638524947,0.093629469333
4.988138810069173,0.5400325925471345,13.919213517585192,18.6460377013826,1.3395898897
0.649489528866926,0.7850090424311463,9.915953757033503,17.776760822609777,1.7927434171
3.7695857620748274,1.7870794606156926,3.7498090971717044,13.656226018525077,3.6418456686
3.913579952467792,1.0909754763010613,7.015040474077829,18.07699067354014,2.5768904314
4.980186369266801,0.33227291158550365,17.701547410893145,7.553776466190545,0.42672972542
4.949284795166049,0.7644967434002601,14.217111984421807,17.294703200238217,1.2164709133
0.5749667103686612,1.9564284820898683,4.5826770656102225,14.54341372095577,3.173562857
4.281446114529092,1.122848962817274,17.207852426555085,15.130670660405375,0.87928872734
0.5482491157782581,0.2569173672880958,12.738826677502324,17.3402046050194,1.3612089279
0.7814930516204449,0.6845521588217056,17.529092820083232,6.473309016419578,0.36928944828
2.8892372415075958,1.040103533739268,18.3949031583381,15.72801269868502,0.85502014136
2.322275318890574,0.950000068241892,9.076682006352701,12.669271036153528,1.3958042187
1.61324537944924,0.45561006781391966,18.88568841599366,4.126150272498196,0.21848026832
3.065087035543903,0.9114939723786922,12.45919085879092,4.302810131779518,0.34535229298
2.1053432300682897,1.616795699542694,5.231508615140402,10.89401534737471,2.0823850535
1.8628861618009211,0.9129975245679298,17.669040463736238,12.465625319017324,0.70550663714
0.9845113188164817,0.6583718424907172,12.61170544024655,1.410954772925996,0.11187660381
3.039008032088198,0.5723159780359286,11.236381848656638,9.513366352732024,0.84665744551
2.7639770821053267,0.6758347809856645,18.24204279751035,13.241966198572365,0.72590369103
1.2547280112965153,1.8902439976405345,3.8869512705772093,10.411962848849889,2.6786965218
3.8998300625457363,0.25761714837501054,19.475370627004384,16.411822139275237,0.84269626769
4.018109023228552,0.3489651309317972,14.409719922394117,6.875884818008413,0.47716991413
3.405687490756263,0.7508458939666247,5.395815859340384,1.588031942385523,0.29430803122
1.4348897130572045,1.4680112165247619,17.33777199155487,18.757607841164454,1.0818926359
0.8855243607545091,0.25064634525591084,3.6530998343628944,5.944341275357848,1.6272047151
0.7104587256559086,1.846714625299129,17.302388379852736,6.787879100484589,0.39230879295
0.5999775676149326,1.1497817718097634,6.291861991702472,6.735461147752009,1.0705036373
3.641268166424843,0.27778925616973105,1.6864705526846757,3.60873648704442,2.1398158902
3.9160461263542024,0.8685075422627451,11.79377704563332,2.0001509884589592,0.16959375955
2.26071826090723,0.7003176627202837,10.329676268356256,12.03650112488279,1.1652350773
0.9329831761800348,0.17451044316116762,4.486442274928531,11.28740752957271,2.5158927359
3.0803526875327147,1.2332203136224462,9.692107339622805,2.617270065260699,0.27004138249
4.874517507901325,1.3603200083044371,11.676658731491376,4.61030485142952,0.39483082939
0.755653404330002,1.9472786461677833,11.92995952458639,3.4067232915617645,0.28556033946
1.0617502137992245,0.5224293965134269,2.122938286837213,15.985775839475757,7.5300238064
1.4291839199631398,0.9535203701748436,19.00798811072931,4.640308356943059,0.24412411929
3.5518783737961126,0.442269976557889,18.248026289722503,15.729584496753267,0.86198826366
4.816759437226618,1.0266267905110225,8.154439255363766,16.51101137296093,2.0247880763
2.839020091656717,1.0046251706237281,3.7456050178742615,13.299326974785673,3.5506485364
3.8092685995906526,1.2106735233947514,12.946297089081456,4.661587153289264,0.36007107833
0.9632759682154857,0.5350564447247487,14.269288951564409,4.603788353401234,0.32263614319
4.593020561862316,0.18825347236343837,1.797793604912696,10.017859962263044,5.5723081531
0.5582635864960092,1.4055841365666648,3.4652151953701926,13.804595500550743,3.9837628321
2.1932068037045207,0.8807039824660611,7.666917066531245,4.0761645212387565,0.53165626886
1.838106201075097,0.7767706311991369,3.5446281658366807,18.321831470451347,5.1689008306
0.8986747208678241,0.8430954319189601,11.502308551136338,9.306128536929446,0.80906615359
2.8429765868276577,1.6068354920238317,5.324013436187813,3.274292458254604,0.6150045445
1.8149722079079904,1.517775403048826,16.898788896584684,13.408475663656752,0.79345778835
1.6621375268812142,0.5009814160955471,14.440923775837959,11.871609667479259,0.82208104217
1.7789122000249429,0.5188700044816253,8.913162714789713,19.831198185119053,2.2249339342
2.2663057416150822,1.3262072072373376,1.5350102190579498,12.574317895493751,8.1916835076
1.4803720258928936,1.819678253694423,7.302290292088202,6.569185534101921,0.89960618811
4.302224903692117,0.3438511444795167,5.191396108403083,14.188971103732044,2.7331705783
3.1022148997866346,0.7916779732920125,17.495128299371565,15.12365213706511,0.86444934146
1.0225301789307797,1.2054221609512068,1.9690475172451203,11.045964103682428,5.6098006813
0.7013538000743678,1.8200071180647681,15.771216499320722,7.527347710075872,0.47728389946
1.9164067386400785,0.6983005524929091,9.03800447179912,14.400796013856974,1.5933601337
0.6945051435926091,0.13988797246687557,6.08863640602074,16.71331415062821,2.7450011852
1.5022170421131906,1.4787599554067818,10.53037520920059,12.455592752223955,1.182825161
2.235866725404205,1.3600239323855348,10.044140459375045,17.59601244685569,1.751868417
1.6882827504739946,0.790882905979765,2.319745376313291,17.446551518979593,7.5208907396
2.5547789471190976,0.2194785937647202,13.441649641689141,8.070103698611717,0.60038045283
3.9564381259651378,1.7531299843819164,11.050930682082026,3.325869125645841,0.30095828318
0.5004682655024995,0.4186725541492897,16.24526806146077,15.449821296033427,0.95103517145
1.032854695604327,0.32084170971447457,16.01495688701238,7.477448165690262,0.46690404591
3.7961281593051197,1.069853464364125,10.774706535346594,14.494229645611542,1.3452087626
3.6438239418899543,1.4414151854797403,18.51238504250332,17.531190566719662,0.94699794362
1.5118423333369106,1.6307414157802784,11.17767854778757,10.163862386031434,0.90929993581
3.761746491281037,0.7386376283076459,17.315051457994418,15.704359092918255,0.90697732727
2.1146894582421254,0.3217958932886425,12.742913279566993,19.870131679763006,1.5593083971
4.726012832414847,0.5689040413762032,1.8733362912448261,16.802971374782143,8.9695435109
4.241939391743528,1.9675979262190266,4.758801685538858,6.014460358582417,1.2638602648
4.471718431191896,1.1665547378123178,5.574578078909341,13.02285632846295,2.3361151542
1.7708978350300413,1.5436813367044397,14.430174267788857,9.184465735956687,0.63647642541
0.9119295681604807,0.7327030877074936,16.564551808434942,14.472728764042957,0.87371689445
0.6380341129735078,1.2011098875255024,8.782262952531626,12.828024945924119,1.4606742038
1.5751980579007305,0.7049466222819643,4.212751067031379,12.36928580833597,2.9361539791
3.171328091440564,1.3065522682550283,1.953534778260293,4.574244316103947,2.3415218234
1.9964289781293727,1.9198110539969049,6.711756228179782,14.091120890543738,2.0994685164
1.8468497871538054,0.2528678682559534,15.230363754957477,4.387384878607866,0.28806829234
1.399964524716541,0.2898852301821192,12.94553631722565,11.541743644451454,0.89156164423
1.979094707424133,1.7074808073634367,7.715273188756066,18.246618415397535,2.3649996532
1.0148031206431511,1.6559220852148457,18.69391219699593,7.811497603785509,0.41786318035
2.776327974259145,0.7467033337309749,11.046789454166143,6.270280831733328,0.56761114691
1.7302823738221451,0.12483224398679615,3.5057484596735087,8.757947472390722,2.4981676732
3.0878265930352686,0.23579986048643914,1.9475893094124737,2.6556032145726385,1.3635334728
2.6431165722416297,0.15448477475080014,18.220788517216967,10.0318215287674,0.55057010948
4.062621655158525,1.7330426728924455,15.20394441248761,9.743551504963214,0.64085682245
2.231499954203269,1.264909600533619,9.317597340169415,2.0473346067956735,0.21972774011
2.3970488902860634,1.780889715118617,14.62290360199133,18.83724560671525,1.2882014489
4.543030367819377,0.8811758075621758,15.948352027690465,9.31368309690606,0.58399031328
1.116541178351773,0.3852543693244834,6.035201182565844,3.0977639416578566,0.51328263101
2.0578956606742507,1.699871772358656,10.168607315373272,14.00522955806364,1.3773006591
3.8826828851544724,0.26958237756115044,12.838970395028591,19.07571882891316,1.4857670235
2.617746563953801,1.6988489461722294,6.343688534789418,8.296234468131537,1.3077934742
3.111502653020058,0.10677908171676308,1.5103930463074737,5.3167872384480885,3.5201348758
1.3608343428941772,1.6664787591989478,17.107935731616667,2.2306152024009593,0.13038482476
1.2892588552083133,0.8379795083490376,6.1784671011179535,3.7635379354099525,0.60913781263
1.9903639992953,0.9861041387191177,9.732324370267175,15.391825178313958,1.5815158427
2.2893463883432963,1.5165543422381307,17.475497939378666,19.248148782155152,1.1014363567
4.717567285859371,0.7714192626779057,4.783029199705356,2.6267910880070695,0.54918984985
4.604323079098508,0.8640499440606499,3.163584095739302,3.7075457397555045,1.1719447397
0.5677311947523401,0.20361670126501102,19.014616881087008,14.892597258293828,0.78321837097
2.570034159331933,1.0611311988278231,17.04314784364478,1.4866708177501842,0.087229825816
1.9841771046049737,1.1573565811322453,14.42305316547169,12.414215194096256,0.8607203379
0.9941592484479338,1.3079543285081667,19.414212969529714,5.890009992850368,0.30338649329
4.83385856006583,1.0968541998791295,11.631312369099575,4.370787985141074,0.37577771505
4.415797704684462,0.7634353380244877,19.085246397796833,13.860417075312869,0.72623726131
0.7680293486744474,0.7380929992689822,8.308769949635835,1.3760653910964544,0.16561601771
2.7479680207430754,1.2679635211271947,13.901096296744592,15.477208543378806,1.1133804279
4.709997269692565,1.0010515556346828,1.346658748367592,3.4063527172567105,2.5294847127
4.4009085435792805,0.2659526878598708,2.8427619903546586,8.421161243175487,2.9623166736
4.732219896440206,1.3990003589369253,8.0831927603257,3.038495458649643,0.37590288253
2.8570284384028377,1.1512552844463706,11.576941835618237,17.472079035467644,1.5092136839
2.440140888452936,0.40394264550334935,19.191855348669353,6.417380590432441,0.33438041679
2.7409088066688128,1.9458049309699388,3.9494596527666967,7.275647631754109,1.8421881147
4.676201400603781,1.7788275311257826,1.8695713155147309,13.324319150249012,7.1269381594
3.118894785006577,0.14939378647465545,7.357520864366375,18.643391567717412,2.5339230308
2.424000185567068,0.1855149738466908,7.915162870495227,9.400697041569579,1.1876820724
1.4435533304112835,1.0394504256357275,7.3368569652250315,4.366575502235601,0.59515614424
3.4332133660605657,0.7816138827966576,19.899237014980272,2.509531923307061,0.12611196708
0.8157765942214308,0.838144692335255,18.52640283347149,4.151724169288304,0.22409769487
3.6656206301075374,1.701052558451863,7.58369414482264,8.255032461760536,1.0885239178
2.7615736978528846,1.9805327499234815,12.595017566801332,10.78542254265805,0.85632453353
3.14811115325095,0.33616729523763367,14.628258448866804,12.281097606236814,0.83954611885
1.4128566930493278,0.7077621627035106,9.391208094824325,15.05794814214249,1.6034090598
0.9806699946232454,1.1164714219898573,13.046783896450119,4.021251688316564,0.30821785049
4.822612640276573,1.3168784781710623,10.320273259806221,3.5343090419541596,0.34246273844
4.140033971594578,1.0570959479651054,1.1483744749649587,8.61091352193456,7.4983498063
1.3848267427513405,0.5366083918941197,9.250247670479991,2.989754881188973,0.32320808996
4.213802236216678,1.8913010214562909,12.018426803770009,2.745455854351354,0.22843720723
3.7592757331458735,1.4509147730267802,2.3077971364877965,15.110543353928911,6.5476046898
4.661719555443716,1.9752978427049737,1.5418623877211468,19.78693614562699,12.833140171
2.2772064162995727,1.5965819296497306,1.760378786481302,1.2684201834130264,0.72053821209
4.446939507706193,1.272482203057591,2.1963990941328606,1.0318070543913245,0.46977211799
2.15540111006706,0.8586484664325937,4.307701423591897,4.791661197214655,1.1123475668
1.3895187615488809,0.5524166903299186,13.886266753033484,19.26284921408584,1.3871870357
4.805570694924092,0.8648599605166412,11.429096412953909,15.524899745942877,1.3583663297
4.845226573782333,1.0445047096688673,17.221796608104206,16.84057344146202,0.97786391424
1.3057551241669967,1.882221780682111,11.004284504153018,8.167773409117222,0.74223575427
4.61922923066909,0.12104971808384261,14.556229121439019,4.320470529629419,0.29681248444
0.7105514539506304,1.1875486865893659,9.01963323646793,12.255993280495325,1.3588128208
4.786370965890297,1.3369083751347786,12.523960778926023,16.964207882318046,1.3545401636
1.4137972567228378,0.9486020338225919,2.3543842685605125,6.053541499863058,2.5711781975
1.0157521253658512,0.13058179897242883,2.2924158656573717,12.716684805757048,5.5472852881
1.2811298664759796,1.100204583547854,3.292872076036949,14.838472343122026,4.5062401455
1.4348183713368787,1.77360978978,8.758575879585067,4.318368185853873,0.49304455944
4.17799382019601,0.619786585548681,10.251940332572559,1.8932735156641862,0.18467465224
3.0718364993535183,1.32967482509374,1.1876412536249357,5.25354621534981,4.4235127395
4.303067899778373,0.24566794064224293,12.118559624948562,17.26050665233129,1.4243034805
3.3102910589664645,0.606820526188941,5.10790224569732,18.048045209700376,3.533357598
4.125690008729341,1.072022451472266,11.136252392560285,6.667253571877598,0.59869813801
3.6348733361587984,1.6421684263339342,17.444093097191008,2.0767162087301045,0.11904982375
3.541987288392082,1.4106499401664934,15.900410062475993,2.660338148677995,0.16731254969
2.276173921337365,0.8227807913533274,14.292369971474796,1.9042385607463541,0.13323462551
4.849466672461968,0.8166622462168237,6.022308596398125,12.193994061539463,2.0248039213
3.2517055093997094,0.28226374887583944,11.716642510552846,16.71509879139234,1.4266116574
4.307780583726642,0.8172615491730375,5.069772235526798,16.374336139723077,3.2297971938
1.719582344655529,0.12707031996848198,7.387141484265118,6.687813322714252,0.90533169521
3.703692156380759,0.987537988554067,16.046978615317766,15.783807513249405,0.98359995932
2.813705234918121,1.9922548010974874,13.09118083548334,15.075700898507712,1.1515921358
0.6901422146843625,1.1489338785324665,1.2097531479444918,11.316096359422042,9.3540540718
3.194918981189409,1.5203637984917477,9.249305402281681,11.315224081278036,1.2233593323
4.394103784750674,0.3450167911800658,7.73134082085094,11.84275498710683,1.5317853994
2.989815355003943,1.308331023824713,17.504924621983104,15.353908598233279,0.87711937811
1.9501210269854163,0.8803860380504883,16.483295187758987,11.785853250771735,0.71501802986
0.7999529127820297,0.7344047134264541,10.9771416462253,12.66709503643966,1.1539520437
2.8709961530663666,1.5265915776787777,10.347497123996998,5.132989559868764,0.49606097961
3.2572239731448263,0.5416282123573369,4.76884748779805,10.605410446317794,2.2238938178
3.9463782092635973,0.7334079891691639,17.433780804061346,2.0022154394931224,0.11484688617
2.7239917871539254,0.45911105462077995,12.502602638626866,3.3180410755523835,0.26538802931
0.5811146572423931,1.610115701606543,13.210197890909788,6.491549525451507,0.49140441188
0.9276928015373878,1.6274394057419208,19.30750162724607,11.407720675861892,0.59084395776
2.871809709438217,0.6301866333009932,3.708435540713997,19.520912722660523,5.2639212704
3.228873469767338,1.3402125245216565,9.185572872248452,8.0357482261633,0.87482276151
3.1179645814381103,1.6145307658637726,7.468911567736682,19.362168326621337,2.5923681317
4.028087973424846,0.4370205766739227,16.279301195471,12.78650328456578,0.78544546421
1.0061908195008444,1.1942493190675012,2.5567195963378873,14.897291915598151,5.8267210596
1.971501280694148,1.4665436314796578,5.553790627409263,15.005136951553117,2.7017829728
2.2127612524490363,1.5679895220043596,15.768101599965096,16.06189301905456,1.0186320095
0.5325954738984522,1.569236001000369,2.215052186636483,18.437554416254798,8.3237562201
2.09796121665761,1.8104500049450354,2.591481804622262,19.894713613726775,7.6769644218
4.483955773004329,1.9119739904712385,6.304745789987563,19.954962030783857,3.1650700433
4.9947709554444115,0.7560097865429152,11.776701291137424,7.675148893743165,0.65172315269
2.5503831068955423,0.7536664898878129,7.6492814289945725,16.72082167160133,2.1859336497
2.4256988859152204,0.2710623587633151,8.74620173968772,14.016369094937648,1.6025664068
1.2926702771934742,1.1471368334273848,4.633123188498423,17.142191223005277,3.6999213113
3.6304868734112703,1.077120946639841,14.708053908536256,3.944315520682639,0.2681738553
4.372336013662699,0.46515901082272293,6.345036519453438,18.423860273498587,2.9036649698
4.169956129969925,1.3753365829820436,13.043820591765641,4.7658637495324445,0.36537329811
4.654970341137085,0.3305705559293217,17.11590615406002,13.675937589129179,0.79901919688
2.466725036601086,0.2514942601070318,11.570301749931701,6.26304034886189,0.54130311242
4.74970483790468,1.3022319194117633,8.408889515715884,16.56106728103479,1.969471385
0.5081334742774815,1.7363743464181822,17.911504066407243,14.0677113945303,0.78540089891
0.5737428424684491,1.8810296102779716,7.697714104204767,19.038085151751545,2.4732128128
0.85954243955856,0.831713087304499,8.728758641178722,13.192437052870726,1.511376084
2.1248355852984675,0.40558230599791345,8.674544859727396,18.52627872527641,2.1357061408
1.3139536855849883,0.2720179135867431,10.868180072961442,10.97668258692282,1.0099835035
0.5561896689329247,0.5151491430340447,13.52600607585815,9.56392306647812,0.70707665018
3.275731622346156,1.0618466344780229,13.433451134140729,1.0981656784173879,0.081748589209
1.0603508747134016,1.4988379033725676,9.976710922016121,19.597411293272813,1.9643158398
1.0853347694408524,0.4161745677055886,15.694709125257715,15.951801051292751,1.0163808022
1.6366031817539315,1.4177154426777439,3.79459008234013,12.913998091959115,3.4032656523
3.775677309198388,1.6272375039828437,7.02619193162512,14.320238440763376,2.0381222973
0.7354964181101513,1.023731520273833,17.855493309114156,2.0161007329238796,0.11291207126
3.114272539959758,1.246807002963242,14.42693099877438,17.497219672500638,1.2128164801
1.175724769607927,0.6636025412091335,10.866305074015003,3.3496335678186213,0.30825874527
2.6017443507181124,1.5846969672045392,6.5423088093524076,10.328208246408613,1.5786794154
2.729568477629807,0.20315840330426863,14.798290547986571,18.306546041397034,1.2370716727
4.633266797168097,0.520871976764484,15.633791260071444,3.7325372840966784,0.23874805682
3.2871542425057783,1.3428364885490034,6.700681477288194,9.014434120901155,1.3453010938
4.376117476999509,1.404847148122248,9.307222343974667,6.546597910246101,0.70338900999
2.391753858548607,0.48943963229952503,5.321462690375841,1.181856367930715,0.22209239014
2.856569889438896,1.7977550307183365,19.34641582728641,8.071880027337379,0.41722870528
1.101020021670352,1.1404167000911822,15.701835377062505,2.3450438669265417,0.14934839212
1.483828747941735,0.9345055252170785,16.280571428375932,10.949232599258794,0.67253367902
2.204736606921789,1.3791565207599497,4.472940911489836,5.151419660417198,1.151685158
1.0767130590010527,1.86213070725864,6.362404021026835,6.796786058154722,1.0682732558
1.1161545957246886,1.423516631069213,15.838320991505963,16.445155529930936,1.0383143225
2.0788216002398796,0.13789119877158063,5.368776771831162,2.3712460803256663,0.44167343533
4.895813167332897,1.2555432694950401,2.751503006417894,10.622303866864272,3.8605459787
1.8922612189586712,1.2349724234319683,6.210119455656858,2.8631171239753703,0.46104058777
1.0425967233217992,0.12135147643375974,7.624025037534002,16.061943127769048,2.1067537224
1.823689271074239,1.7894931660573306,8.28819849161953,14.541806808744884,1.7545196129
4.412120883304209,0.9433844230610213,15.826272395174044,14.920654877304063,0.94277758557
2.642399832482879,0.6758011030738281,12.33779321403458,13.102934294941537,1.0620160403
2.4555342394814583,0.8786014923241422,6.578957372230006,19.59498163813253,2.9784326801
0.8922977428642428,1.5822026269908367,18.34790516294981,10.844465633876059,0.59104652752
4.35753009936548,0.3741664329360549,11.038026671575574,10.18081776573735,0.92234038462
1.7074568488846151,0.2800025796265828,13.42859125953948,1.4215452976291352,0.10585959988
3.1309930056231274,1.334777527906793,9.815220199706904,12.69491029563424,1.2933902691
1.8471517456283049,1.547493332537153,8.568373880247517,11.909988409561784,1.3899940147
3.8058513124976963,0.9645783208174744,14.59451281300846,6.308725653315489,0.43226695774
2.0619944568941264,0.9685485953290867,5.937092438757954,3.256412962181842,0.54848614802
0.9487667417492641,1.8921694455332003,17.077854557125445,18.67544618921211,1.0935475605
2.885049743343126,0.6821010368443217,7.528751715487564,17.678700874478235,2.348158306
1.5301794243054383,0.7003942223832769,12.885917806296302,9.990421939529593,0.77529766135
2.71724344686916,1.2701876851625902,7.829942912990341,16.01243951101383,2.0450263417
0.6022862162000278,1.8531398396102943,7.262652657358188,13.735112589809217,1.891197781
3.343302040944965,1.9601297147160952,15.311613595401063,11.66648654344578,0.7619371055
4.6817751859360515,0.18325645321933043,9.21983289353662,13.13827693183926,1.4250016333
1.4970724614978212,0.9759056114476756,16.28296377380761,11.932548249939392,0.73282409859
4.030115124301294,0.9108817960007314,7.1342219281686186,19.73977622596389,2.7669136767
2.2779497459954694,1.439799323802838,14.293077089218704,6.08502833333099,0.42573256237
4.927320189305442,1.7829060328200923,16.00660222578994,6.591967468136653,0.41182803041
4.913372677689977,0.41515650978686836,9.696214092262087,10.69472549561631,1.1029795128
2.229041651188279,1.0486683269998205,15.483176826960129,14.429288401844254,0.93193332112
3.498158257164289,0.43143587722984245,8.980173230599142,8.616395685053785,0.9594910325
2.821011609095373,0.8314701177751667,12.01935657407745,15.356381494175402,1.2776375673
2.733150450393903,0.1918692867410631,1.8760950141523822,8.993884712065448,4.7939388166
1.9398328205624953,0.6027644036136557,10.069890197388613,11.831558543701425,1.1749441465
3.1798300123574315,0.40478647454819827,6.185023464249945,12.63362691180311,2.0426158421
3.4687270805119503,1.2044998229592523,4.095422955716087,10.126352413513832,2.4726023473
4.763321688845955,0.6150925403112728,1.2621812033436883,1.4057879014819505,1.1137766097
0.6000490276604001,1.323808801455273,8.526828373271728,14.896498827431131,1.747015206
4.018012290620419,1.109642043577344,12.292890133665027,12.874195187553624,1.0472879077
1.3092460602768206,0.45259349167511,17.09864700790373,8.655113974370225,0.50618706675
3.9581387160141777,0.9208246531244054,11.55141089773234,2.635280459139726,0.22813494234
1.7852386907923874,1.7694410264433016,12.830972354532989,15.406420249128107,1.2007211787
1.3031112775180433,0.6826045962522357,6.113066963675761,15.852144989863724,2.5931574256
3.613089141282474,0.2626314395463073,10.80599606046314,3.9685638830496086,0.36725572181
0.6767138071396077,0.6834636323241482,13.959232343212417,3.1859632567930984,0.22823341416
4.15282850468361,0.24936999938949456,8.358553514071989,8.631590450451121,1.0326655726
4.692207219889097,1.9180841710032068,17.12975476723534,9.561785040864976,0.55819742727
1.6437647824120942,1.6636811786984769,2.0687493219111377,5.704249528530081,2.7573420656
2.8045544913029774,1.4438218930076097,17.05238071295337,17.47263824397648,1.0246450943
1.4892739299129887,0.7514085689560315,1.7402745993806308,1.7528420395378181,1.0072215271
4.356369349289893,1.2221044303188435,2.6766716437561335,4.732507293676771,1.7680567225
4.524025989143364,1.7192838193385918,12.632273861916591,16.2015770063708,1.2825542878
0.5193800569559275,0.14675341581470183,8.54994557941712,14.593144069506497,1.7068113398
1.6350637307802618,0.7467164055350412,2.1953203115530364,15.06132736493938,6.8606513982
2.278611590776411,1.530804941065675,15.80478327838856,3.7783768952595276,0.23906540373
2.8432454520906036,0.10643965019422796,5.355085985420635,3.0260247134370015,0.56507490667
1.1791878832815705,1.2794273692885378,2.491814661133263,2.3523009586742374,0.94401120411
2.5719886977931354,1.9990988360295086,15.029399887005606,5.053038011974033,0.33621023128
3.9156185901935787,0.6205528843845023,10.450875482137802,6.419446351840317,0.61424962558
4.629363143752576,1.5469382768136621,3.2545175050941824,16.43787621370967,5.0507874633
2.4142282208620696,0.42530062810779556,11.150084955287005,13.952211294132004,1.2513098645
3.456341941737431,1.727377847846704,14.234678841391906,3.120195338173122,0.21919674992
3.0941254563451666,0.9017524437841722,18.589268746976863,7.371575493040119,0.39655005226
3.911015302601796,0.49806784570414553,6.125789465581709,5.255558641403284,0.85793980856
2.4952557678950353,1.9577077577161581,1.499614796430846,1.3300350737569413,0.88691781178
3.9020298978454173,1.6653615124273506,8.570341246908285,11.432024373713208,1.3339053889
1.5122440718439898,1.9764788276445178,10.763530834854887,11.742485256274723,1.0909510491
4.663884908847888,1.2685547209673202,1.4140771636993108,17.65899723540006,12.488001142
0.6823102774509905,1.7758034224173214,16.24237639384277,9.62621599296244,0.59266056638
4.955696547758036,1.3130408120302004,12.136897228734435,9.707379183254478,0.79982379354
4.262408449659374,0.9799249115373806,12.72029864127332,9.179155359309561,0.7216147685
1.5685123963916483,1.7369047749521729,11.011471259655284,16.002968091423984,1.4532997194
1.7272312064546695,1.0816147399084997,12.181660600575494,18.011039519938233,1.4785372956
1.514619912360864,0.2571121762276614,19.67830232262377,15.992453487707726,0.81269477547
2.138107634615344,1.192002856275115,18.801063026218298,8.465315782883184,0.45025729508
1.0090041502851848,1.5420266176382527,16.589756633184876,10.709654637014939,0.64555827272
1.444766520279983,1.0162095081517244,18.471613761506845,7.712773273414798,0.41754734443
0.7929721328529541,0.6292750231520537,7.615095563646866,1.236283966477466,0.1623464809
4.265393704284637,1.7858666765344446,6.101049526957838,18.849003861553776,3.0894690788
3.36273605415306,1.5280890677242578,13.543270400573071,4.865661718191592,0.35926785586
3.793359275814358,1.7739396910158505,10.155100052412111,9.865306142384206,0.97146321469
4.790701930929908,0.7055503122688149,2.90160377958815,8.605101035638459,2.965636141
3.821557390476461,1.7195067878202699,3.6475215592801544,11.240501150413518,3.0816818949
2.1012661930694763,0.6697090807753672,6.060267479459778,19.966448974716585,3.2946481393
0.9142370521263583,1.976553184138181,13.546573131160699,7.128732127217962,0.5262387807
4.790343336303161,1.6975004315554703,5.129790919120492,11.485247743009715,2.238930967
1.3683070307616778,1.5440940756132977,16.394721299367006,5.668072976774047,0.34572548525
1.1905557276357952,1.0657670019060674,11.83789270870918,1.8316308893941127,0.1547260931
3.2104444465033817,1.536795145758533,16.239875444462722,4.912110533261805,0.30247218029
0.5386509043698674,0.20662337274419576,9.77609892407735,17.795772228203067,1.8203347129
1.4643823661363318,1.775493677255994,3.6250309079851784,11.604562631571651,3.2012313622
4.68279234344102,0.609285251235177,13.746523377885188,14.820385892571514,1.078118844
0.5623385452603245,0.16013307217552863,16.957659972810873,12.448851719892284,0.73411377158
1.2230805287662057,1.9272685046272209,1.8099710478294702,9.890804593958002,5.4646203351
3.5459084609987013,1.212380936426927,10.015276203917434,6.222287593355934,0.62127967983
2.3465898066260906,1.6014528012945424,14.266983317166009,14.562065322978176,1.0206828591
0.7284251043020811,1.6653586993873977,8.88358835055097,5.894582201511226,0.6635361713
4.94867191894297,1.284098607035221,1.942794824611104,19.238916991848726,9.9027013806
0.7420071285422267,1.1955032309800686,7.5001496527667575,17.123868534819145,2.2831369143
3.6461103549655483,1.5844558623889133,4.237924609190856,17.423851569202952,4.1114114044
2.2346747045782944,1.1918037547295994,12.365120461846798,4.866094736184408,0.39353395312
1.9622948400872904,1.1096386997966607,7.5659219421177495,5.464574108220654,0.72226149702
3.2553953951764374,0.229115584131105,3.2295325365188954,8.672412679512522,2.6853461241
1.4858925429651009,1.402212384574372,9.366426749760608,1.9783811941375464,0.21122048429
2.401233122653755,1.2839094061217058,17.732125035544357,3.1915275842740853,0.17998562371
2.711910055741882,1.8654954791233322,10.424761829722417,18.09603429264249,1.7358702854
1.3041564066391036,0.503159156771511,4.411297046678499,10.950471374517754,2.4823699829
2.2012358104563603,0.17690705763578762,5.9025848684814495,6.122511865597504,1.0372594384
2.5096587654079276,0.7539276784690458,14.75752810278104,4.292932203956511,0.29089778275
3.1741234306767296,0.6402974593551842,13.88434416969157,6.659415517710446,0.47963486329
3.8218804606223666,0.30462959117127203,6.667197587281928,3.6018189806282424,0.54022982422
2.855777141742839,0.9563557118201644,19.820980272797033,6.491501630802622,0.32750658855
3.597479196361797,0.8416892986298234,1.0043869544858732,9.760630316037622,9.7179979015
0.7671211361308617,0.2871464118054139,17.871452867719018,8.390547366965615,0.46949441823
4.662187392808751,0.10437352941709822,3.7840065711066746,12.343070219455553,3.2619050701
1.5483882427643822,1.400566750021005,10.848081299001361,9.00660764767992,0.83024890757
3.0050088448184233,1.5992609936310496,19.836502237988967,19.45271626861052,0.9806525382
1.3218702961567588,1.441817447613537,2.036999908328547,7.713417196164751,3.7866556423
0.7357107897598625,0.3653177731612631,2.497142280233358,1.8259541685730567,0.73121751333
3.5743026179161603,1.402112955749317,18.01643711720902,3.343689479309589,0.18559104986
2.0180026332675816,1.435503568958628,4.175280133234198,19.462648135562556,4.6613993587
3.440633028219974,1.4348636413790512,13.80132380090824,4.7189627750214065,0.34192102461
2.959945185921677,1.9297832795793206,12.52480395752868,14.026075211863875,1.1198638525
1.292539417225676,1.35965672175548,15.927814097323823,4.161424705734078,0.26126778479
1.7107751479958904,0.5709169797041308,5.083005751818023,18.0513949100066,3.551322936
4.169655270979616,1.5359015090827928,6.247905451895117,19.087441555151482,3.0550144688
3.018419432672233,0.7084499103423265,3.783902336829489,17.775071907441834,4.6975503925
2.098251740552258,1.3989051470384495,13.48185008647047,15.666176689830616,1.1620197962
3.289859432388734,0.5987686854714954,11.386991361280291,17.749134929683116,1.5587203298
4.582253274750456,0.301038979561423,14.745314923170882,19.39478711643602,1.3153186092
3.007071324469358,0.7285748515779795,13.962064924045034,6.45916059620272,0.46262215735
1.2282886811173384,0.35932013577983535,14.3839853932561,19.140762315651497,1.3306995101
2.8605592992682443,1.229451311108623,17.96001233215398,18.198232383638434,1.0132639136
4.996004234882388,0.9166922270494063,7.258539482771819,5.394253868565385,0.74315967852
0.8372213913277136,0.2570930954106397,13.980095245295763,14.779032937213222,1.0571482295
3.311274546245319,0.1494522216104637,12.82761027537745,9.471563681310458,0.73837320264
2.7682504798057175,0.3100167668039908,8.52367987584995,14.13789912136645,1.6586614382
1.688142691434907,0.22329589233437333,13.237085757389497,11.98047972788635,0.90506928394
1.0215907966983422,1.9217881988590588,14.329072734379615,8.039321751314427,0.56104968551
3.373724963027306,1.5582477239457497,4.145256566802789,16.014047816990203,3.8632223504
4.552069786422298,1.798207082829866,14.319998176367642,3.2832334311723583,0.22927610679
3.56968854539441,0.6423946662222385,8.609084183490207,4.785866390308868,0.55590888512
1.7018065317506224,0.17100315599630872,3.756690618412919,15.67696943546051,4.1730797204
2.3383631134179117,0.31211176776243876,6.575980435654873,19.653627573946615,2.9886992162
3.2451782737054726,1.7938472665215952,2.9459403815093754,15.078036389024577,5.1182422033
4.0358184005789255,1.9776570715063524,10.916536569521952,9.03107818484539,0.82728419653
1.7784812395529526,1.138548678595138,17.984661117770717,6.757062638328614,0.37571253604
1.8349469872660618,0.6987080015794632,16.606391717220074,10.711594650404148,0.64502842236
3.755991011679789,1.057491447783157,9.513572744794192,13.331415208317388,1.4013048059
4.755399398047665,0.3307045911050841,12.695163192665513,9.459426219456947,0.74512049006
4.992324427010494,0.6316352285078455,10.89179486424064,10.548196039893583,0.96845342493
1.774611835546877,0.3024189264932901,2.2966053081619804,8.652326730045454,3.7674417538
4.937642147439706,1.712742331477675,10.484619262744015,2.3258672090752817,0.22183611544
2.894309123308731,0.7889034624746591,17.320459600457813,7.625071256657508,0.44023492636
3.905911759948857,1.73330278945501,12.150551137455968,8.684511382762425,0.71474217791
2.526667559251829,1.000632248276824,1.2098311947579705,19.38283313785204,16.021105442
3.8039988826972047,1.1954403790047168,6.286105983582728,4.418049440300997,0.70282770476
3.549087565106574,1.4541968599012602,19.930220985328535,3.0910262439189915,0.15509242202
3.076491447413116,0.1453961314902199,9.065724594678155,14.620150291942293,1.6126841423
2.8666003898486925,0.5848408998197558,15.154175461171146,9.265703154596064,0.61142905322
4.783001599879177,0.9044707673277516,4.932430523907756,5.48456428621006,1.111939491
3.5551182987012298,0.707404637460918,8.624125836246716,11.684747453510576,1.3548906493
1.5338748260243946,1.0045778845940279,9.114660753695725,6.907111854773007,0.75780240663
3.04234732000743,0.5543019087770397,17.653208273445227,5.491307190040558,0.31106567741
2.1972727990445513,0.6255055554168313,2.2125428492583064,3.5919098560816956,1.623430641
2.1216326424926386,1.1367521272406154,7.682447759528749,4.405891256608358,0.57350097189
4.7352593767260025,1.211954019253705,17.115748323341656,19.6451070050091,1.1477796141
4.418026664852846,1.2733723334259974,2.7827791108817763,16.433524687053463,5.9054362679
3.927871538935089,0.23970965904319685,15.724173011478312,11.934767893219691,0.75900766829
0.8116285587816381,1.798667696148265,11.59251771208299,3.4318152087017406,0.29603708995
3.24784935816891,1.1719275597760577,2.0339799686826856,2.5789502891977687,1.2679329831
2.2803142717184093,1.724902293223349,12.022992751082326,19.43819182778205,1.6167515219
1.5246113488648771,1.5268517894641405,12.159904773929778,13.61826686590534,1.1199320323
0.7879888644432991,1.4123070947446965,8.40382743205051,18.910305956729488,2.2502016027
2.5968742315327353,1.712028733468816,6.914094893121363,7.4884384376018165,1.0830685076
2.7266199493323295,0.32761105733788687,8.646754078425339,16.74748573745854,1.9368523246
2.2345921315636623,0.27007569976621293,18.841060811085956,12.900815859574461,0.68471812649
1.7091111541780415,1.9744145332565037,19.093039207627527,5.194179793578846,0.27204573023
1.8685478825630466,0.4493123867877489,8.337373646137774,15.995809792820605,1.9185669818
1.9655994236307692,1.4959453660029136,9.508091130990731,19.836483861404325,2.0862740573
1.7744517775633,0.45786436005924536,11.367785759632675,12.362075636623354,1.0874655714
4.010241637916428,0.47617105848024643,11.996252390243527,19.292733503142504,1.6082300435
1.8508638673742717,1.482813102451464,4.13772191352184,1.9076988958178573,0.46105053353
3.280972539028662,1.4343179043586618,13.00500459066016,18.28313578985943,1.4058538513
3.063010701562536,1.6221385527638388,17.91903456704044,13.344520394624062,0.74471201809
4.258296339721241,0.6978243042544426,13.455411356550565,5.0035396152338985,0.37186076907
4.704101720891303,0.8849138289924102,2.410801943494909,10.807032675669578,4.4827542573
3.0318898381796053,1.2092657031714544,19.661020004559845,7.73074569455544,0.39320165957
2.0178376282576584,0.7278277050793407,14.888646180065185,18.32962412755495,1.2311142266
4.646896624981085,1.8675477095192965,9.962338508703484,14.78915617264279,1.4845064901
0.621397962672837,0.2656277654200694,18.540417853530307,5.033078333538429,0.27146520501
4.690126931974562,0.32874628403545125,17.83918596267514,6.562130404062412,0.36784920667
2.6378417768483446,0.21207868293690788,4.807780588643201,19.998491266885836,4.1596098029
3.5648207381781933,1.629627290712255,12.890851205510437,17.73229750168445,1.3755722736
1.4659901056666584,1.540174966906744,3.0787700272778666,11.960333665457854,3.8847765697
2.9426706211232436,0.1450978030631754,14.695071993297734,1.2742605201333164,0.086713458819
1.5228708691906039,1.8113438698196889,5.127249268459778,11.883232573412254,2.317662347
1.6269990633853273,1.1835038614279403,17.078696358224505,17.29978791619703,1.0129454587
4.625459302161375,1.732525893850185,7.985581357841139,17.8614317534732,2.2367102598
0.7062103123715286,1.9000572106039348,16.69478334106604,15.33603712944073,0.91861252801
2.825650806538867,0.2617491787226063,7.4123249657649355,19.105762682125246,2.5775667918
1.240806847736943,0.5371510166735348,4.7405553896738555,16.838628626852646,3.5520371017
0.9374996643622973,1.8014389163491955,8.150788604224397,3.3715613794239143,0.41364848767
2.433917746395559,0.4929013856285094,11.663502688257482,15.906979658461367,1.3638252662
2.056053539349821,1.4480917449985833,1.6879001992613563,12.14080583359738,7.1928457849
0.6218721749222663,0.308880930388023,5.572940475121388,4.497793808744675,0.80707731023
1.748082961395868,0.5038339428489255,2.9007884192368074,12.09320828201695,4.1689384175
1.7395802668871616,0.6602250766219638,2.652541297047319,16.004462049614585,6.0336335074
2.8048785436050068,1.340564233424006,12.815059693303342,18.92518399353287,1.4767924962
4.7290179979342435,0.14513612711965918,10.74249731064018,7.841014969444791,0.7299061608
4.632384506297697,0.8890270781342744,15.936149771009745,9.8233976257664,0.61642227056
0.7041745613186484,0.17977544365280934,13.598160163625476,16.798405101025402,1.2353439656
4.836079882569789,0.6615889713917885,11.101063747274715,6.117362718764109,0.55106094857
4.255616497124867,1.009998670620786,4.945402889450944,7.975870710244094,1.6127848203
3.1146506507424228,1.2332340608889842,1.1550272046446737,15.24902874355039,13.202311324
0.5718204144867693,0.8774561374163229,17.474292311658495,17.726178620825984,1.0144146787
4.90923084085215,1.9655111267673058,3.7707140259222545,18.786422230285808,4.9821922588
4.345803514205146,0.8807698065428184,7.378234348515539,6.970903226467235,0.94479287282
3.404936417142141,1.6202077222953917,4.7764411528129145,3.2975491238879755,0.69037783956
3.511517484440315,1.87739998013843,6.487190768127588,16.822890601359244,2.5932474013
4.816920685925328,0.5138912963496531,1.7931819645137974,1.5513874080751466,0.86515894024
2.8697128603463695,1.7271046802185188,1.7863496911182484,10.072396438764951,5.6385356623
2.2903598892913,1.246943734578772,1.4593671266448265,1.6833939548819967,1.1535095756
1.4768687066167259,0.6440165208887859,6.597073986523019,8.402395650170455,1.2736549063
4.323505519663147,1.3363528133369413,6.724974202192097,14.92822806030534,2.2198193794
2.0389802098973497,1.908446517134429,19.424509568576767,9.8499099993413,0.50708667648
3.5053948265497357,1.9084001027592234,7.029830444224102,1.900791215251191,0.27038934016
0.9096972737398421,1.3196607741767636,18.03330288279634,12.189965287871068,0.67596964167
2.6585394034879397,0.4796418211070237,18.24196563872241,13.5882927668351,0.74489191768
0.7794963689099583,1.0402826358955777,4.399689915030357,6.037609865459206,1.3722807703
1.8649554851606074,1.5665873994487183,6.756602605812262,12.529974531381468,1.8544785393
2.768219030088351,1.5918538191670861,11.706969469919185,17.4639888938122,1.49176001
4.377745387170265,0.7995525774040458,11.744517988031257,8.735038639892885,0.74375454564
4.3910078932885,0.8921679865994203,15.507842313908451,6.8869844877675055,0.44409688649
1.5190848497414184,1.0293413033749754,1.8500990960983148,12.433872158457103,6.7206519827
4.189391426169217,0.24508392857576347,2.20894854944171,13.757473678504459,6.2280643349
4.297177069052734,1.7667188717437967,12.390481692234285,9.135767266949355,0.73732139669
4.21506371395741,0.3195904600549241,11.714941448521945,18.44884507448423,1.574813255
3.413592600951238,1.9318775369786674,15.085967144986563,18.045385386479772,1.1961702696
3.4589592368245987,0.739129380274979,10.356052003909923,17.111693225828162,1.6523375143
4.531690519553807,0.8345284282021657,9.161336038394774,17.600396156556528,1.9211604162
3.1503627117425816,1.9037838525387678,1.836711745335846,18.704899016608678,10.183905593
1.6757022544809708,1.941694439918196,6.310659861808975,5.525437662755952,0.8755720929
0.729190690130407,0.18533733472287423,10.818664113011168,2.844913506489829,0.26296347467
2.071833193275947,1.3356056920169932,17.669079362568066,14.983382929751764,0.84800020546
2.6847367352144396,0.6461426179701102,15.85329025389536,9.322682333308672,0.58805977712
2.5988861130198084,0.2027798642591049,5.878776029872846,1.9601183725280042,0.33342286941
3.8272021982229676,1.1511459441554854,11.66598339742443,11.685417817291574,1.001665905
4.887420211792421,1.0164612920790574,19.306288894973164,12.920389404845421,0.66923215928
4.450245301023452,0.2642130991634028,11.742355063731042,5.888968017481339,0.50151506964
4.26229788219793,0.531240023725029,12.269655340191006,12.87075230067953,1.0489905335
4.4866225195230625,1.8898422452887793,4.734844262569792,15.31880956388919,3.235335465
2.9136273621989557,1.065837773296155,8.541709925878049,15.087102267664237,1.7662859543
4.226166155787178,0.21956915052066778,13.888422554756112,1.929581069019828,0.13893450184
1.0723981405146177,1.1951983885285864,12.740725333755982,11.036344594393846,0.86622576857
3.3701057130379857,0.664463879116002,19.14090363130289,6.585153614973515,0.34403567051
3.642652698484041,1.3048407984883923,5.212748639102678,1.2997780699807535,0.24934600917
1.4037031797770072,0.5920099032512142,18.709513534312492,11.42287464137855,0.6105383029
4.042999954126062,1.3212899565728748,13.012805044106441,12.16387669466793,0.93476207885
4.3990764999847025,0.9472871167409984,8.220249346530846,12.62131692353191,1.5353934402
2.529304162221673,1.9562621979708548,15.857845220782444,6.67454119200452,0.42089836917
4.821512563811312,0.48516904712875053,12.89359663812382,11.364174615164783,0.88138127274
1.9723788986809132,0.5577067837820616,16.50746425599791,11.633695425319099,0.70475363417
2.1258849014923156,0.10783504191872861,7.747282608813333,17.606640589498618,2.272621444
2.9869207953775527,0.24915580927542758,9.13206848601776,8.671839448278739,0.94960298004
2.9598625125683213,0.8821280226661786,6.572686637015101,9.660076282623292,1.4697302361
1.289801070875692,1.9513675585209371,14.906321126682,9.301702941001082,0.62401063696
1.6713267069345865,0.7950296420765585,4.45613161607242,4.167713682635556,0.93527616366
3.321117152028483,1.6831443980689258,8.125685309381897,9.142246436279754,1.1251046636
1.3655657460459376,1.0121391528323667,5.229101335469931,14.292180650141685,2.7332001683
0.7887909375583819,1.7416089200806264,10.245181267528844,6.8246865401315215,0.66613624122
2.6278406485284527,0.4343766014165049,12.68396420879996,8.689704567462558,0.68509374707
3.8358230796353348,0.27794545018519096,2.5038913290146563,2.8574634798437493,1.141209064
3.2651096203753363,1.916148665558408,17.03176500886788,9.542149480865532,0.56025605543
0.753077763204385,1.7871308790082667,15.740666589588036,11.973945917845768,0.76070132416
4.5309859984424605,0.357531769343049,13.901007649518538,11.04261449984531,0.79437511138
4.16249412301617,1.897229457315897,10.220474954089463,12.997759475639384,1.2717373247
4.3457924557135765,1.043379389683216,6.911940217768136,19.506656222961954,2.8221679598
1.904461948648956,1.5193898663093384,17.358315432480136,13.531658094014878,0.77954903785
2.0189529451906694,1.573799259501855,16.013402431696242,10.281831632374779,0.64207664025
2.477987722000657,0.332813813286823,7.004102823503837,2.0703522759278328,0.29559135954
1.5440409111129831,1.8575514433868987,9.36082412005138,19.87619844250703,2.123338521
1.6093588184389094,1.7667153796180695,10.218300716405839,14.352634158424278,1.404600878
3.02972520736514,0.9924194869702657,19.40946623547665,5.236552090508383,0.26979371957
2.5735576800960582,1.7746635376952544,13.612039298772897,11.482856874906565,0.84358093764
1.9884138245719778,1.3969819106805217,13.793905139270041,13.403513199792766,0.97169822936
4.380298544660775,1.1863820792728528,2.4421421478848737,15.238324731454473,6.2397370049
4.716041410473881,1.3178712080776673,4.976657695579281,12.611922793943673,2.5342154445
4.139466112160835,1.0822184149238898,14.669129456329806,7.755653598978602,0.52870578463
2.317860259337232,1.3109385908150142,15.784439588403359,9.293102969177271,0.58875089718
3.5517903281645853,0.14101756972879548,6.483037484180611,11.26851943812686,1.7381542935
1.4033076832166094,0.7310873121022647,7.318420817866446,9.555069252929826,1.3056189977
4.072267651341793,0.8072062163824957,8.293737764362264,19.30299095085795,2.3274175648
1.3330575922284167,0.49791445218498076,8.985929503572038,10.888365292838605,1.2117127436
3.725120105143199,0.4706178092495452,4.217310521250809,7.36949224967568,1.7474388506
3.9909840071749967,0.19926422585249048,10.433960713601838,10.277405611959406,0.98499562094
3.0494811323159854,1.4324875774610362,1.8775259784382907,12.266997875072324,6.5335968801
1.3270460249619846,0.2178367384881473,7.015789525417505,6.909585089536014,0.98486208352
4.347143094857061,1.615905822331584,6.9463438794876815,11.364487129811916,1.6360386596
1.8537122930443868,0.3119895704981286,16.835215805856276,7.053827917560402,0.41899242629
3.8079296947038195,0.8599820238779295,1.265251504826465,18.87319120352005,14.916553058
2.2935169797602537,0.29797799858018675,5.702959871235661,17.966300693591982,3.1503466795
4.118145965140769,1.0697963327450764,18.354723989330775,2.420628556023966,0.13188041168
0.7740523440031694,0.6953770861393612,2.2200047182263334,1.0207128949561128,0.45977960613
2.9767888096540265,0.7774360929381792,1.5654663623012504,18.27676336226807,11.674963961
0.8563863877280311,1.971772534022648,19.188223499466133,3.4691320767649554,0.18079485456
4.581564434742013,0.5455313227004415,2.4562733378968966,16.32561972745147,6.6464995876
0.7143821992130173,1.3796311186355605,6.322738741927143,1.1918484793877986,0.18850193374
3.9523160846277055,0.21838174971307647,17.407442650890143,11.871043597396678,0.68195218766
4.962441524243334,0.5288056149829632,13.113931085389256,19.13502687731456,1.4591373672
4.080207486820552,0.3881320503704835,17.62550930509454,17.786223485091043,1.0091182715
4.656667553238289,1.357811892863382,10.873313838308274,14.798761354919185,1.3610166666
4.856944444933985,0.9915014087818221,17.593303502052446,18.340443029318088,1.0424672676
4.665197559225892,1.521057486358603,9.668833099246083,15.458661645036289,1.5988135783
3.81244630066111,1.6693989862247411,13.62267585134521,2.8593984607491283,0.20989991188
3.88623211570277,1.7066621418330052,13.573735180346848,7.654803347434458,0.56394229339
3.1124291755753206,1.0629766560552127,10.16677291061585,7.545713096797744,0.74219353212
4.404223611018356,0.17337380788852594,11.119886499838852,9.668108780589556,0.86944311713
3.1578537695290443,0.5106798691024542,17.685598310676003,18.6784320509564,1.0561379786
3.8354082651899444,1.329582421123606,7.7127358679993865,6.343791243936345,0.8225085563
0.6711808236160053,1.768771364051102,12.997623677620433,10.200340281820656,0.78478501415
3.1763381046802857,1.4557365817946974,1.2323786042196492,14.984728482607993,12.159192339
3.183207114998543,0.7377883429141814,5.741687146586583,17.573175710600125,3.0606292649
1.6180523395902184,1.978469119782724,7.96456553302788,8.096588164193655,1.0165762502
2.7416281535164275,0.14405137063737808,6.322435529475857,7.837565017797085,1.2396433275
0.9774975319846642,1.4481784257100507,19.00683988058976,17.265819028023085,0.90840029887
3.4235342952784733,1.1155563256073475,17.29360590712837,2.0062002631207827,0.11600820985
3.3554775730750337,0.29654226788739757,7.2520987590564765,8.000149217798382,1.1031495135
2.335790306747178,1.8130692195949216,10.585186017487233,2.1929557832997135,0.20717215358
1.1218602628358327,0.17465224035853938,2.3559332075821353,5.977025187857144,2.5370096099
0.6563200139445055,0.9598568470573693,1.3430794952044618,10.097263253132246,7.5179937518
2.1793669578893105,1.0081706129722245,19.621957190309377,14.483318820603767,0.73811795022
1.5438028109287423,1.4469779663675084,12.378537181116952,11.23399915001319,0.90753850682
2.6972846525967626,0.25831366484344886,6.929666454688085,6.651928952515379,0.95992050931
3.880729179501885,1.8708434820374327,4.564064988054742,11.123759520495808,2.4372482753
0.6459903133570375,1.3333150152126412,17.226304645807637,7.173042203285526,0.41640051948
3.030175930902442,0.8036519296032107,14.124588118536728,9.324582691897769,0.66016669751
2.7713819839784772,0.7485473851146991,11.058037388650053,3.7067346912889367,0.33520728507
3.7425212368182708,1.2028203019171098,19.628836296775972,8.58991541149468,0.43761715069
4.069483927994879,0.9222481440185569,10.204222867027687,13.085308035983905,1.2823424387
3.6539307547589703,0.2190465319520728,17.273924503204306,5.024008924522251,0.29084351524
3.992084877035887,1.1674119075089577,10.297013094082553,15.8532601707453,1.5395979422
3.917395854452517,0.34101955697612873,13.46648756133606,16.68157577752598,1.2387473498
3.5538702231068564,1.1596472362713564,19.645767923221886,19.588688244637623,0.997094556
1.9518895784966426,1.3062607403812663,3.825889325064698,5.625424636829692,1.4703573885
4.094559222696438,0.26617647334676503,6.861430689051285,7.461509145001117,1.087456754
4.506098438228279,1.2248214278224459,2.142667725679361,14.488580105018965,6.7619351015
2.2364477874344555,0.35917402321032776,9.236151314089883,4.783125914923635,0.51787002532
1.166851490905115,0.14438378809247693,7.895618933379897,10.0955652413827,1.2786287341
3.5828589514302953,0.1864587643237302,11.183651588739236,7.806199964973488,0.69800099753
2.728256584926682,1.0423704171051742,9.876306776257676,19.384164130109603,1.9626936029
1.4691454717929513,1.7515776474210933,6.533479121750228,15.69540444679286,2.4023042171
3.448141850183875,1.9043099911175543,15.30334895113598,12.227615782020589,0.79901568089
2.787725625085546,0.3021269865200694,5.365637668673898,1.0769416205411821,0.2007108357
1.14283357723616,1.5307027638622699,6.3649315964713375,19.66567832533362,3.0896920143
3.979676620512036,0.30910515577805964,2.732703678913193,11.409191831007295,4.175056344
2.5172661879411984,0.12671926264539174,16.340937773283294,2.524058489217413,0.15446227899
0.6714284146518802,0.7565455972555979,11.026758100856565,12.943184927390497,1.1737978478
2.65263958453115,1.4869977590562409,1.489746005939637,12.396701217007584,8.3213522088
3.992623132783679,1.715841455721107,9.042619266769304,1.5232514735347156,0.16845246146
4.111239719933058,0.6783672598806673,19.12936813944441,3.080190015556484,0.16101891046
1.5154094286117064,1.6550088965403167,9.076830527029474,10.490272449383633,1.1557197656
3.765728034458675,0.6030446268738836,2.130592504879578,5.845905280411831,2.7437932251
4.107952831185795,0.649432115383626,9.97711294383441,19.477239877886145,1.9521919805
2.417985010574806,1.962924587622786,19.12152560461042,1.5352513434661414,0.080289166001
3.6209964596357556,0.8515431477506175,7.2051516877448325,11.532326677790335,1.6005668135
1.609145739444092,0.5564499542279424,2.393010912666473,5.885785331034532,2.459573126
3.0072147728815515,1.37508401522349,19.415062155368695,11.731611508365173,0.60425310074
4.8575122765757826,1.9633685862368115,1.9121184377638212,18.966336464443557,9.9190176141
1.0369566379298167,1.9143368056983943,1.8022994320361687,17.539817872664717,9.7319111136
4.019560161332995,1.5458183065042734,6.092806553829527,1.2785162595644786,0.20984028432
2.7250515126237627,1.737066404333502,3.0859372526626494,4.380040872266237,1.4193551306
3.5179286395682414,0.2636601432282528,13.29547826629469,2.1267036812126308,0.15995691457
2.4244502225216857,1.398261606026618,13.848859680209856,2.6399406536646626,0.19062512832
1.358357772196552,1.9640516010841418,14.671923889911472,14.223499478506163,0.96943656369
3.447239647685393,1.343755148027312,1.8997330272181823,19.567675574180253,10.300223923
2.3139608265056775,1.3322038422484546,1.5241733890668174,4.205551648418426,2.7592344011
3.7271373829921393,0.37394257899799244,3.439941122751462,8.431533950464088,2.4510692624
1.3123726870320336,1.7149212953004171,1.819002148522836,8.321233555934146,4.5746144735
3.9990074919706613,1.9557469151218267,6.968215702179799,19.224185226862787,2.7588389982
4.381075523780012,1.3006784553484143,18.86642144715281,10.980439782103629,0.58200967326
3.78541687332132,0.30405871343304147,2.9530809377739358,1.2242017888573438,0.41455070642
4.2585216385525415,1.9301329763183073,10.142149124781712,1.5257165075544368,0.1504332552
2.386167004194911,1.5519163786666694,10.184847478411925,9.14181957384707,0.89759022835
2.0028747256493964,1.571737434036774,17.669355387517328,4.043977691749163,0.22886956559
1.8812972871264162,0.9728166688153917,9.947731810598768,9.563023660502393,0.96132704847
0.908601781265581,1.4885227053230117,3.481597735750721,19.455810016694485,5.5881843606
3.4372938016329235,0.6633453778866264,12.660690276874533,7.194421630538471,0.56824876632
1.832982285741208,0.45003335180063475,3.853622252129606,4.706589899849545,1.2213417901
4.231828276931129,0.6736273453560682,2.7927216138387174,6.57404664524979,2.3539928265
3.6538842992468648,0.7794770511447152,2.6782493668878034,17.163330155747815,6.4084137825
1.2664108541245844,1.5467775299945707,15.781019702854497,5.73382992855589,0.36333709966
3.454029224108643,1.6014202157692385,18.20812602062952,2.8831755248108544,0.15834553877
3.0746778184279164,1.0935322526628881,8.616581853053313,16.89629252681025,1.9609043139
4.970243359095465,0.22956224839823786,16.727421298120696,8.991831851019981,0.53755039051
3.0505418697840456,1.263490534131074,9.900534620823636,8.429035834778874,0.85137178522
3.485867764762578,1.888673103299287,13.640127815348503,5.95510247163742,0.4365869992
3.9773820533560316,1.5376123141408158,6.087747657640023,8.21307845520408,1.3491161127
3.5213223853779176,1.2892038147517544,14.912686327300515,19.31582449386664,1.295261234
2.444912679508761,0.8225473575950429,5.468173826338126,7.716010187094379,1.4110762445
4.011889867430076,1.7443345697118489,2.742960219406989,7.43094759640882,2.7090978366
4.891286840612445,1.4872276072974304,7.40660873589232,9.569912878814138,1.2920775513
3.1847926484725937,1.2568251165968816,9.911565797772043,18.601000929800822,1.8766965088
2.771986004347524,1.3236047248934772,4.213771548475023,11.289646856478472,2.6792261343
2.503689119711958,1.6059320328521416,13.520192681792672,13.448286507514402,0.99468157178
2.063332544632622,0.3982330871144053,2.269392337879756,13.812049340948622,6.0862324731
4.970814093399724,0.2465880939532564,16.33283758929656,11.191427723279155,0.68521024972
0.6962140555045626,0.5844365694106987,1.1853835097300078,8.404918302042818,7.0904633252
2.876346118645062,1.1836913957735682,9.307537650068836,2.9968929410716516,0.32198558349
2.259462864269334,0.9921348150800146,6.19863636985888,16.39473292060358,2.6448934802
1.067628679120941,0.6850626860389015,4.215571427452877,17.278611989933598,4.0987591569
4.206982833285112,0.3646434095226172,2.7965476039882557,15.695647239492882,5.6125085148
3.180507830813792,1.501771152317556,15.97627187267339,12.337192642376046,0.77221974818
2.9700083427462007,0.873156962643632,15.7148281482768,7.315405556873287,0.46550973945
4.0513298631407535,1.762824532973553,4.158968329277868,6.830908787214366,1.6424527061
4.831183269447995,0.3635903373964029,17.184265526070078,19.075499200928828,1.110056125
1.3964811458410753,1.1426093175691685,3.0462191325646018,14.703469572012677,4.8267931269
3.515867507909814,1.3176940274595985,14.522178612810723,7.85747419785959,0.54106717782
4.482814077393011,1.697803319615706,1.8703166431786291,8.458338463647117,4.5224098788
1.5169262835905568,0.5294023735477732,13.108901722292048,3.100485178234441,0.2365175393
4.974495264353888,0.6034510128916315,17.135197690389845,11.084796612928407,0.64690217255
2.3469820452041557,1.0115979875670795,1.9334076795994934,16.77700617393063,8.6774281239
2.113601019322345,1.4214698196621935,3.786902620784663,12.336564223235548,3.2576924887
1.5116504354038987,0.9306085577152117,5.919323357040365,3.859238734975584,0.65197295403
0.6199276413327538,1.1298834880234983,3.8592834305366823,12.47908792606883,3.2335246039
1.429363649855572,0.21197746584617794,15.791855792535706,1.86476520210336,0.11808398117
2.800041805337137,0.7385668159841429,9.446936038072518,6.911354486370483,0.73159746806
3.2512671649604847,0.9317175030602416,16.695450250233293,5.6573631177477814,0.33885657667
2.6325268531956887,1.875569431095031,19.227050511760527,19.446381488518785,1.0114074167
3.0858737780154186,0.7053106991376203,9.470610339065896,9.172219879629177,0.96849300639
1.3169136176398497,0.4309399490288012,2.5952736328677437,12.71454261181855,4.8991144713
2.453010095995205,0.9084936661259512,5.782126846984104,16.855916304207682,2.9151758082
4.270928877005162,1.4143446798796504,6.309006088293862,6.854280028188962,1.0864278671
1.4934867408301566,1.8528609601284418,9.947584086414198,4.387423867480313,0.4410542127
4.104234254042764,1.6741488695099556,6.402584425678533,10.404423155474788,1.6250349021
2.5880401600363028,0.23885507039479725,8.428939854705053,5.0512987040712165,0.59928043042
3.0168526146004533,0.784530630345053,7.614127295909205,4.889538780290389,0.64216667128
3.0966304040230788,0.1094275880238702,5.975539523634897,5.712299747893123,0.9559471116
4.137191357522466,0.3980921560056172,4.359828315093905,9.515291575773205,2.1824922653
0.9522635128550241,1.821399072454753,5.282493087603002,18.25549272821232,3.455847916
3.6025276751641724,0.9151068178385513,5.751689813897072,12.675385040505793,2.2037671451
1.8917235090540605,0.7990980011124265,3.407399003774358,6.788986142011476,1.9924247599
3.346920286503349,1.0924435447751224,7.587825708591048,19.457468001502015,2.5643008615
4.4252575881985585,1.5001004250360388,7.139612876957835,15.921040959417759,2.2299585753
1.426389725365789,1.2993939487872412,7.69888599222851,16.173065479605597,2.1007020361
4.929612886105797,0.4063381298624398,15.631647589786825,7.598039686824522,0.4860677445
3.225648869665089,0.5108052394108481,11.728269098586946,19.247896575669333,1.6411540709
0.626981156452252,1.188072916128065,7.760961203377909,9.124155163597193,1.1756475679
1.368731827999753,0.8889818492843758,2.037420199157835,4.934185187108872,2.421780833
2.6172103952360413,1.3201563967986105,2.3583330024747804,3.9349848683470188,1.6685450546
2.568283822848512,1.1516730836915487,11.461487496903956,17.031663612026346,1.4859906811
3.2033539235129753,0.7997122550611468,5.030759141822118,2.4346381958860244,0.48395045902
2.2715061483227794,0.8684867555348598,7.804809392157462,7.726239327189082,0.98993312187
0.7952318540281271,1.907812101109211,8.303752663236846,19.246014310846896,2.3177489855
2.8700421796778084,1.6901985689743284,9.153159345600082,15.90951725382446,1.738144902
3.9604883855435893,1.9513074049968067,12.679244899925346,14.520974890266244,1.1452554947
2.1168013070666785,1.435210364963222,13.471847417138154,18.426241617900352,1.3677590792
0.915177210165609,1.206995434501334,9.596142532664478,14.97817465085291,1.5608537076
4.173060585748299,0.5366005377852251,11.73252112227448,12.447224318084693,1.060916421
2.127082090713867,0.9592798309706128,9.981369495361113,14.700695250563875,1.4728134508
2.8530120584515855,0.6541678341642186,1.942161450712339,10.168792255489542,5.2358120133
1.5119607839406828,0.8998515933510296,16.793166888153245,13.762243529525074,0.81951448593
2.2340999956148204,1.6937753414400543,18.324464800824966,13.137726914346587,0.71695010234
3.136337644749441,0.24050741994234898,19.468382375585307,17.833844302983785,0.91604140287
3.2815871882165744,1.8359695334959918,18.427629396616748,11.29770781003634,0.61308525187
3.6195163716814722,1.7213784163931771,6.8704192531494614,14.338085680391462,2.086930237
3.3141272005340223,1.4274707101573259,10.397807771542693,1.5975471927957634,0.15364269353
4.702231217217372,1.6771650796388868,1.9670037426480287,15.451894438973298,7.855549079
1.4660890884669715,1.898015470467089,15.046557422381824,7.4656704560760225,0.49617133318
1.9260229263884716,0.36672230358946833,8.204558493092103,17.484015251811954,2.1310123228
1.730182008530487,1.4633534726429525,14.889341346716542,13.002636016328376,0.87328483601
0.6553617719763013,1.7406971817272165,10.230400353061611,9.545693299091798,0.93307133344
4.16110075261743,1.2779308793805653,2.920252583240312,19.032426016428868,6.5173903537
4.019325874096065,1.7969135658583792,11.709657533654264,4.935414038239975,0.4214823554
1.1070361777748587,0.7564366128881854,12.165270186394121,15.364192790668472,1.2629553274
0.6251216670851387,0.2148091247155145,5.107479542357761,1.682568301089184,0.32943221547
2.911298569818491,0.17633040052489568,5.403295561400363,12.615805658194246,2.3348353824
3.1639699664929224,0.9072167543293413,8.888898107872773,6.97668764627075,0.78487654618
2.9996936739177924,1.0132488803412736,3.2484434716191783,8.032212136134524,2.4726341112
4.888121103417998,0.37568863849083467,17.755037180454487,1.3902211633562285,0.078300098683
2.4409482975362495,0.1924763039048435,14.566756520620697,13.702185235280506,0.9406476463
3.5693167029036394,1.7955144513444157,18.85473636333234,4.769433582257188,0.25295678976
4.814145169014085,0.7479943676551878,6.250292366535879,5.5080189506161314,0.8812418088
2.1029591670487027,1.9345079935102611,8.118944503058827,10.829062695748627,1.3338017881
1.4805273021621557,0.6007588715826387,16.355423492341064,12.471370769632623,0.76252203286
4.831650465777883,1.7515998357131228,10.655221343532611,11.141872213291851,1.0456725256
2.9860734453172872,0.6189158995617957,12.185699949868575,17.4183455799538,1.4294087046
4.6619664578697115,1.3035147822746516,10.749021753635857,1.7267767872230741,0.16064501745
4.951421243819435,1.3442810751909882,14.660977674905638,16.817490122157842,1.1470919945
4.3260598201736995,0.6722619754460466,10.401666214430042,8.539334135048422,0.82095829255
3.551353309960678,1.897236001084493,5.345622685382434,15.844241062832298,2.9639654714
3.4358975105881555,1.2597605406144456,1.2151399712528697,9.238157694358291,7.602546137
4.004463972731181,1.2503582112971874,12.105911197401538,8.886889633208826,0.73409506218
4.021615740259175,0.7303052469776151,17.508525011341863,13.782378919394793,0.78718103955
4.255680201580503,1.0130285544341253,3.6956533062643775,19.6581649966975,5.3192665457
0.8829267426225899,0.7576417010440603,9.582698666143074,2.545147273996408,0.26559817465
3.2635812779297657,1.849382780509735,18.58376294927034,13.535665436445454,0.72835977694
4.9446348090497905,1.139453958813754,1.2563248991719305,9.419330206870471,7.4975272822
3.8051407319508117,0.7241067952778275,16.514535294941716,14.673944995151661,0.88854725447
2.7783677542653695,1.0212241303061675,9.29847422257962,7.094624871461674,0.76298806682
3.3504637514861315,1.7481638407888904,15.695683943593991,11.87769669705653,0.75674922735
3.005771613422937,0.5963124999536094,5.354652264257849,7.036610119355562,1.3141115001
0.869067079109372,0.8240412249987131,10.5872312456362,11.808546933101654,1.1153574206
3.888668398819986,0.9858636781634972,11.627550255115406,10.425607237972471,0.89662972933
4.695476152341175,1.6886162123495856,10.235217469342276,17.198671191408337,1.6803425274
3.826843881455099,1.2152874626679946,7.69572015465068,19.24794743852913,2.5011236183
4.715167538713825,0.3981316384757332,19.512031549365048,1.3400769511399928,0.068679519493
1.3861384376035386,1.395863085156708,5.776835610589418,9.219153390136123,1.5958829386
4.57941490846017,1.7023961409877375,19.474978200175265,19.494896442131104,1.0010227607
2.2893182398513403,1.7197076963265907,3.755299063213651,17.526562221421152,4.6671548461
1.8960182699233918,1.007885526734906,5.929556536025047,9.193082449110474,1.5503827973
2.0053263912766477,0.3040943194023209,19.604340591113942,2.0261088708422608,0.10335001381
1.7697905910401401,0.934464335186948,2.606324090517802,12.500826446820671,4.7963438209
0.9918189686387666,1.1946914696694864,10.503398145041206,13.63117875051186,1.2977874934
3.0857289589396686,1.3860861289596074,17.913091956474986,10.22172024373585,0.57062846931
2.9936093659160066,1.3978517013006257,7.809536188565267,18.652871687148114,2.3884736861
2.7272106799960856,0.47489074787620156,10.643601211425914,2.2461973515545512,0.211037346
1.0903077368065452,1.3805036959846304,13.026697886585895,16.629265275094813,1.2765526168
0.5170890443272961,0.38957046004066254,18.31852297991864,15.889324949810087,0.86739116288
2.5954675122388355,1.9701521133933473,3.3322737821313835,2.026227327634619,0.60806147997
3.9229183175521505,1.4366826146740228,4.28675767053716,11.924122865233475,2.7816181323
2.526182258576998,0.2217304328937078,14.490905559242035,7.291057842847788,0.50314715068
0.9463975557609212,1.9206147220846768,12.525148534148318,8.061500397154855,0.64362513348
0.9656552134201122,1.186151142959152,11.190935188100722,14.30816036794569,1.2785491228
0.9576421544401543,1.2958387033644776,4.179633544130993,10.662557821713063,2.5510748034
4.629048048366807,1.153428897922841,16.714273016552212,7.037931034664555,0.42107311683
2.626894445412767,1.9337344270147336,19.186930183599358,11.306361074743673,0.58927410308
0.9037596287307519,1.0618968977790852,2.7015303929795973,3.230251174595108,1.19571158
4.491689932436257,1.2945449716032165,14.285569605208497,19.666108242859686,1.3766415191
2.0199428601173204,1.6480502595045023,17.863520268579265,4.036559726468127,0.22596664408
4.175687917806377,0.7606214650634655,18.817196372488688,17.93020648158321,0.95286280308
1.327096566898859,1.266093440088121,9.643295227791999,2.5999358572489655,0.2696107291
3.5921226515915383,1.344995536023256,18.36925070062981,12.741562532617332,0.69363539865
2.5544682295364476,0.8538080211815069,1.4474459682800895,18.86469686519176,13.033092273
2.4491394019297457,1.2131139934535258,17.49872769470512,17.100980056336226,0.97726991097
3.8059990779365127,1.6687743785318245,4.6271975400928795,10.710044108250207,2.3145854517
3.1323238919673915,1.6794816785088134,6.833764674313224,19.036739754364408,2.7856885131
3.3959989338642442,1.6818862019038716,2.079238170856643,12.03097002904484,5.7862394976
3.5537740214493843,1.677601395087984,4.45015803059088,14.154044539298352,3.1805712161
3.7300450422800746,1.3763718468522352,9.375131218535977,5.674644977729694,0.6052869923
4.427653260012031,1.3258500270983038,7.952973888526156,14.980734436388008,1.8836644815
3.710884464738158,0.9098275250523948,8.752215985073324,12.999450908882821,1.4852753784
2.6659235166664077,0.28998967845369017,14.35186690998805,13.99648518783799,0.9752379447
2.153706038042324,0.2455589422017112,15.436385899673686,19.4437618856288,1.2596058438
1.6167196956018866,0.5311329092446452,6.9480393018364754,17.18533379278519,2.4734076833
2.4566837206269794,0.20166038109998305,17.504523588820696,2.764964966019838,0.15795716759
1.327970726382684,0.9009161637484171,12.908615145475421,3.726774836703446,0.28870446556
4.680943936808619,0.5454286375367174,15.271001641858641,10.232975190353645,0.67009194487
1.9874201715844237,0.8943297349696987,6.022230103546206,9.810944203151807,1.6291214441
1.8686386679546922,1.3842976099099193,16.62972821285185,3.1179833594224005,0.18749454709
3.2200576139765897,0.5585333665307447,3.5118680901322663,18.279310823647602,5.2050106537
3.202930087360623,0.47952321781215024,13.931892875475103,14.289874607811052,1.0256951252
0.8179513696152388,0.2567190828332736,16.594556030333294,3.7848701038740664,0.22807902164
2.9650584594294433,0.28596728537473975,18.006806153690533,6.2375747638975385,0.34640095032
1.638998415772437,0.8472471127529786,11.001733984215239,8.23952869861873,0.74893000598
1.1707101108673679,1.0998176673107196,7.586088481905778,10.474234458204494,1.3807160941
2.278492532466425,0.2107963089607618,9.064379157919248,14.154351464673972,1.5615356792
1.4263350803901056,1.7261602957920563,3.625647293099056,2.931660044098371,0.80858942062
4.7705078339971205,0.3235348018575793,6.335945076979334,10.44488407133977,1.6485124073
2.3680062568499665,0.36031649259191467,18.431110018803473,19.02179366055498,1.032048186
0.753106823714359,0.6659866286747584,9.385830694388288,18.84870847021898,2.0082088719
3.154152566111732,0.38568801097758176,10.442602646247765,6.821949603436173,0.65328058862
2.1777903940788828,0.45437211435366753,5.629892216987681,15.636138527397197,2.7773424294
4.675811229235031,1.5802449352713448,6.68373184748705,16.913887277735277,2.5306053061
0.9372231029958019,0.17871233222817157,1.558954003580233,19.321895013763573,12.394140539
1.2320106364197168,1.088843548666647,17.692002414842882,19.583184341477207,1.106894736
2.4978015123795916,0.6694273379014303,5.811640469324448,17.11611281178732,2.9451430972
3.7718984284282064,1.4410135414151968,1.1451159121030343,16.477140336156726,14.389058926
3.4191394929806616,1.6032866139685638,19.924406580346982,5.164430611963439,0.25920122595
2.91495915114021,0.869249641872861,9.734330731895687,19.60629146608516,2.0141386199
2.340682558634933,0.15194688774506337,14.811371423214412,19.803845623089888,1.3370703534
0.9582492810803502,1.216270303809882,5.092070435448801,1.3337968555319948,0.26193605773
1.5362962395904927,1.299581281173411,15.844334384684434,11.780080668637584,0.74348851663
1.1392254193436298,0.506131639279068,12.629159679521882,7.67896765646461,0.60803472688
3.9050906478626164,1.5380994711393052,7.964893295689213,2.6343093807447815,0.33074007183
3.488949325559517,1.9612407712274917,19.362089654557735,5.73966859878543,0.29643848888
2.6654417868107916,1.78633526185534,8.792803284614504,13.96745462795347,1.5885098501
2.783448746027549,1.5130603985379818,8.3828192223984,15.953239017583376,1.9030875645
2.042342920547954,1.2730045669251824,17.30023564915214,13.107007422892478,0.75762016707
1.5021160930951751,1.3638366045927328,18.03611521471084,19.6429870854391,1.0890919054
4.4253902787315855,1.6540486387547653,18.14867213594145,15.335448858339445,0.8449901317
2.087073191015463,0.9994585820932003,11.579878695697719,17.356148557930013,1.4988195485
4.268188634797639,1.6294025095492402,14.17214259173599,9.199574392889282,0.6491308095
1.9483570918305728,0.521093189913682,16.20739575767726,7.6147156340158695,0.46982968441
1.503857436254553,0.21734059822696017,3.5620485778133437,17.17072285242242,4.8204628537
1.2431557829131503,1.6983382734169832,11.647737224303818,13.461703279512676,1.1557354892
1.6670478263192483,1.9677776363950148,12.120990495823868,13.978688848805074,1.1532629164
1.1114639363369498,0.9947529096729568,16.470532683936728,16.82652711476505,1.0216140205
2.8485285953502393,0.3301478715532398,2.2009682573549254,18.46807639969774,8.3908872097
3.235239526893528,0.49900775368771944,1.6311832721442803,8.304688528387402,5.0912050597
3.9362699209844147,0.9032557930762836,19.093525613997034,18.474477378298843,0.96757810746
0.696570258948445,1.8762820143280439,1.201226056221533,13.72771998522182,11.42809042
4.383455541082943,0.8757322892882029,10.116833293385378,14.59897959699272,1.4430384661
1.8039064888036433,0.8066100949307542,10.400180976822385,18.979507825619514,1.824920919
3.5508014276791444,1.5640446662126073,17.43037941548021,6.181343414080501,0.35463045679
1.0925796798897325,1.3598905267663612,7.247376214357354,7.588933553099652,1.0471284129
4.880035201830442,1.1808063054687812,15.809151535876254,13.183145416643592,0.83389329192
0.7103617848482804,0.131695807745913,19.71972580790839,17.57083102462783,0.89102816113
4.6237705121186785,0.49158293126735664,5.988550402408705,12.529158818888181,2.0921855837
3.6016019582271768,0.3794703347089937,15.298968368438883,12.063964716909199,0.78854759526
3.4168533872795708,1.8494872787590004,4.06251794382223,5.413702935631522,1.3325979135
4.162827510559797,1.3229396595541585,16.792357815922124,15.410868989834997,0.9177310988
0.7580569982638039,0.7887760963147654,18.82055582886635,1.7952843202224655,0.095389548351
4.65561341546058,1.0092739895771543,14.014921783937556,11.505440168079705,0.82094216047
2.9138441142663845,0.6933246038091422,17.672412894836746,10.836327399398291,0.61317758157
1.0053043530521752,1.6948649458942906,15.933434302626514,6.708934337773695,0.42106015629
3.613198727923105,1.5148267113338623,10.399159651577593,7.554670205538702,0.72646929739
3.809139810670103,1.4795255950862867,7.515100198236499,11.802190440536085,1.5704634841
4.836801111831642,0.44565503782745475,4.259912991597447,3.4200643450446884,0.80284840366
4.209966530681899,0.9537388389175885,14.294248385551104,18.622703752578015,1.3028109804
1.1716334921360214,1.6787757698691723,13.775371911410758,12.694946083761552,0.92156830069
2.6402596969494154,1.6000285258748643,13.039570613476654,17.056794307178663,1.3080794462
2.110513056108426,1.8574042160966482,18.747180419124625,19.763675881690524,1.054221245
0.9312974493462816,1.5625259572697339,11.744055674727743,7.0192711900914615,0.59768715208
0.8197384568411412,1.9130749326898038,10.962051984979302,19.872296917868304,1.8128263709
2.464782899963587,1.3851493394181285,6.105579377662662,11.187156023956256,1.8322841015
4.731049357210286,0.45158915375177455,13.097674626012301,19.314547739188534,1.4746547224
3.0798327502476734,0.10916368490341982,5.066627800890451,4.767752675051498,0.94101103582
2.1440899602933765,0.9503617607724192,15.899520455028785,15.326728155650805,0.96397424054
1.0957449100674017,0.6232836354058081,9.862855087625023,8.861726164804306,0.89849501854
2.194520340687963,1.8361196239110593,4.999387724967709,2.8751357428747966,0.57509757215
4.032922437325207,0.16453000787466376,8.432633127828161,19.97129629038627,2.3683345389
1.5304347716968176,1.8866709791141072,16.372576091191362,4.957517586337292,0.30279398665
2.668573658118234,0.3099824079175442,10.27237575014811,4.476825934892599,0.43581212796
0.9931062247984067,1.4066035026438422,15.033943419482128,1.7090706775088784,0.1136807975
1.0051676930628348,0.8988359464184952,9.8982152315801,16.826147503395436,1.6999173194
2.376706559206796,0.7875800029226977,10.841009565330985,16.90244998035567,1.5591213972
1.6771163866138759,0.32741509258752866,16.246132877282307,8.113126405009652,0.49938816002
1.4759877980385239,0.3113241881125438,7.321987921071361,10.743649308431586,1.4673131702
1.5901406184012066,1.9114086828835641,18.070628613487134,4.752479029052507,0.26299467112
4.838738972943321,0.17841069031743972,9.638477319506228,16.562785811568624,1.7184027375
2.9906587133983518,0.7581724398098478,18.755825616473427,10.822067264525076,0.57699764787
3.7228328097657295,0.7823211483419171,11.121037897727831,15.34540002309987,1.3798532263
1.3016099273932635,1.6068327856056979,10.06028879347802,13.818018536106207,1.3735210609
3.8132456127251007,1.2514169265407264,12.0517880315562,6.269985893332688,0.52025358203
2.3179221142922892,0.22976760396321536,16.920179330823736,13.735510734901009,0.81178281071
3.4375379726933892,1.1889532150604025,15.313135564523721,10.452898603790354,0.68260994358
1.8515732005172327,0.985928928334341,17.480122009970497,9.078077968609936,0.51933721993
2.6658674548596775,1.477879504372325,15.954202130806033,1.9749801666768079,0.12379059451
1.8849092160636087,1.6555101035699182,9.527673491330647,10.223519433432195,1.0730341927
3.547295439833224,1.9293018795646197,8.45307365009843,13.177632802162641,1.558916123
2.3861899771156283,1.6728382497365248,14.919389254066125,4.353661424372323,0.29181230882
2.1525462894178533,1.5373027704255913,13.231277077192384,4.074289339721382,0.3079286539
3.2900192440808413,0.7453768195254286,12.56757648270232,9.213693451945119,0.73313207719
2.2337357862331775,0.46744924495979845,17.732023121758616,12.12272292378541,0.68366270676
3.67914775558493,1.4357253909976253,9.055798705963634,13.316580168223814,1.4705031108
2.7312719892138237,0.6159531801786642,10.219120606010284,10.722748377998197,1.0492828876
0.6165500676879678,0.26555475343363755,7.073408230145499,12.974987585453691,1.8343332045
2.342776919592936,1.5243693931977529,16.37407043986628,4.536047767270291,0.27702627663
4.034119578816549,1.220767259783219,8.302104791439124,13.556560700155012,1.6329064786
3.9583667438238943,0.10868921677003715,3.389510796230525,7.304701944093502,2.1550903311
2.1298419925134646,0.19275855775563203,2.3404253885191264,13.448186996462551,5.7460438869
3.102171510479905,1.8488554323754571,14.09329564592786,10.201875986556091,0.72388149961
3.905378106207325,1.4781638821779568,7.157831692288958,15.839207932467115,2.2128500101
2.291151468538744,0.9769795014135855,5.837575845880363,9.611156312287768,1.6464293683
2.834772210728186,1.0332208486853032,15.680297067752472,2.245774391093081,0.14322269415
2.240327082627178,1.8942735541966904,12.21182902751286,19.515890242544806,1.5981136158
3.1105716386981026,0.2578491635221638,15.569653895078234,6.753361171959061,0.43375152829
0.7201450870972852,1.296017250783342,10.443826291378826,12.156462101780468,1.1639854745
3.1114073341165986,1.1255675078507363,11.487764127702093,4.328077663208667,0.37675544302
1.0544788752471421,0.2785087579300498,19.33814151816592,12.383325134105007,0.64035756086
0.7036258131334692,0.16461975409163804,5.087983811730793,16.76061317423069,3.2941561519
2.1247556878896408,0.691068353467786,19.396078538694624,17.550343708154088,0.90483979394
0.6906522038274425,1.1815993489024659,7.285996984625069,1.056130989075336,0.1449535309
1.0163506371155853,1.4317893731514704,5.865988885075926,8.950007610360785,1.5257457499
2.0227718524845106,1.0480499699984116,12.765208095674552,4.151620698351517,0.32522937873
3.011963509451234,1.3393891003507548,16.393801148546984,15.124547165315539,0.92257720026
1.1652520661612407,0.9630170430444019,18.99027520031696,13.050696401676078,0.68723050425
2.8721770918791387,1.1861626453117426,9.81810359174576,17.694393777119096,1.8022211328
3.397799570031945,0.24573153477774506,3.855530655498573,7.438395911247323,1.9292794108
2.7488602434601637,1.8517490755327448,4.945649650488653,11.205532946759572,2.2657352903
2.691042482026933,1.811266852280236,16.41658805812874,19.113818790653983,1.1642991055
1.99068741661517,0.8480421320460126,16.83482782266628,4.843231472876008,0.28769117949
3.9670050782821207,1.1778403051667226,4.954633851898571,16.78521946669308,3.3877820175
2.5725246219559423,0.7029130154512068,19.423536042164052,11.710457201503312,0.60290037695
4.9443526315853,0.8880268542267331,11.029839466755817,19.653039993773515,1.7818065306
2.859291761333384,0.6839047088271804,4.232977555541764,16.872908482069363,3.9860614097
2.8955850754128316,0.27040114294674544,2.0300529074991016,12.096973403303641,5.9589448918
4.6252880109473535,0.4311826900369554,2.486258340329473,4.863545822507492,1.956170742
4.583134507569403,1.8107374380255987,2.255724815230608,3.1127050917044983,1.3799134853
3.323904462368702,1.2201062386343342,6.870338787584363,2.5143167830904716,0.36596692839
3.2747249309547235,0.340458651484605,11.309657682116896,11.437368087877596,1.0112921548
1.6675853599138408,0.9627625493069719,13.328821376250241,2.8957799465905376,0.21725701507
3.752794536903035,1.9375133613892395,9.508978902013883,8.663342362735628,0.91106967972
4.524218613289797,0.3281365656526305,3.420023614508168,8.656178316999112,2.5310288152
1.5782390496430658,0.4811269667679303,11.419338673533234,14.383284165324937,1.2595549161
3.3410053698802833,1.1576638426603414,5.633304539081866,7.658236737533558,1.3594572572
0.8434025111534067,0.10645185638596573,17.348783306493043,11.651291072812567,0.67159125035
0.500761845476001,1.7498751311506109,19.805933288003803,19.17791726465654,0.96829152082
3.3547513728431744,1.834705787579656,11.64526417293328,6.440322098212947,0.55304216397
1.9914520917024914,1.502471788630536,9.750991769701365,3.84354176158001,0.39416931655
4.085986735951613,1.1599310975649935,10.928268667406329,13.055730244255045,1.19467508
3.201151857691845,1.4804611416518858,5.851621891248573,7.2845395413568745,1.2448752973
2.7710529031887674,1.0665093882127474,19.017353280330404,8.7047817110795,0.45772834856
1.3784901509033167,0.781728645889239,18.047378621991022,13.999436791327113,0.77570472059
3.6533830073614384,0.4671595835744793,2.3742724744278068,13.907527522544767,5.8575953992
2.0164177571805317,0.5569988718399841,11.039226282719683,4.867991118625141,0.4409721292
3.498201159570316,1.0038023626871062,12.846740735862861,9.180233548841693,0.71459631183
2.0485033051790333,1.788683303138744,8.310827000944393,14.088573864684001,1.6952072114
0.8829309661222573,0.9013728280207272,18.604089954544822,12.13124782753231,0.65207424051
4.721478019914645,0.7357789203385925,14.376337005772074,11.924344628745807,0.82944248065
1.4699659990153804,1.4870609640318322,15.324167769018489,2.33777859652716,0.15255501191
1.1595213636980426,1.8571020686368025,12.91565358629999,19.70910905413193,1.5259861936
2.621070582780221,0.4291048950540146,2.545137715414448,11.583858024122,4.5513678706
1.2163672958154421,1.8629423005932535,14.06297628488694,10.256242992537398,0.72930813398
3.161651316708067,1.477088128641306,13.167716541989634,13.384719834479878,1.0164799487
1.8585350000875236,0.25381916914404395,6.13092897569988,8.287550491333405,1.3517609687
3.873517153468948,1.2894022511311123,11.135627442462097,18.763682388302943,1.6850134835
4.438373667702212,1.333035221868168,17.11226146129875,2.948063866498714,0.1722778648
0.5586544101582716,1.5812397259190891,14.388347390736811,1.3407723189195861,0.093184594624
4.506995072147005,1.2002553537381107,11.734124869238345,18.62899298422073,1.5875911661
1.086928544794136,1.6120602714966719,14.037166100096773,10.199549447088655,0.72661029829
4.16578872923378,1.5133307617917235,4.330898039210279,6.429996550997268,1.4846797345
4.004800110527011,0.6561987190319175,17.268854159714294,15.692133981068828,0.90869572677
3.1199183696685493,1.8956042972649643,6.359307490502183,8.710028481194938,1.3696504681
2.325857935479661,1.3895884585189542,15.19162154637037,9.685511854323194,0.63755615717
3.7809521650784355,0.604023570291165,13.713003435910954,2.1049007016520935,0.15349669469
4.446812318169533,1.975773216359255,5.35431754413059,3.1869684714837314,0.59521469267
2.9106284138437135,0.6666246657463762,4.650635993642975,1.0127174194159732,0.21775890885
0.9125516350983416,1.8710452642043767,1.7939614506962034,2.972431943749675,1.6569095967
1.2457086621238882,1.7201872661892452,12.385758988052718,14.732917471042065,1.1895046146
1.7473602042436343,1.2334430658983515,6.073664486630389,10.281302603671632,1.6927676243
4.131365178295971,1.1270642899907042,13.259363264446675,17.112966892545785,1.2906326308
0.7040321819369049,0.5003998331402344,10.757493028405014,8.49137679607731,0.78934532178
3.925799320878705,0.9212354318129495,14.27104940119167,13.534723232100804,0.94840420292
2.8387878292573077,0.3475585602536819,11.027500584677398,8.000796461733717,0.72553126616
2.910039086347645,1.2962849680533985,17.4101294039863,5.09902139720482,0.29287670866
0.9600210347120146,1.9511081968352897,14.301558235851498,3.2970891503587363,0.23054055341
2.849093777852977,0.12817059600746794,9.18795476521433,9.7625926232239,1.0625425215
3.390601352509512,1.1308483868378452,19.214914438919095,13.123731743298201,0.68299714709
4.817244262605458,0.8134553876618986,16.092273019054645,2.502748722713816,0.15552487332
2.1498770221958186,0.5537511777816059,4.026387081432835,3.874323207869414,0.96223317071
4.000408711796558,0.6064973161232797,3.2114244074531024,3.6127678902231812,1.1249736665
4.597014695594913,1.0845733432870968,8.373043276211416,9.605498574502983,1.1471932316
0.7709713171561897,1.5332519467712977,18.066370061613068,3.1971268334592375,0.17696564515
4.629393266933924,1.033625265757804,9.887423173396579,12.368253360112362,1.2509076575
2.2092140278138963,1.890076014368606,17.85217486469553,1.8312291909189455,0.10257737249
2.29873649856725,1.0135772359586437,3.0387356018176734,16.074316599899216,5.2898042825
3.1684348635626987,0.962829965960712,9.256781223469913,12.999171964646875,1.4042863984
3.600564754064255,1.3862345584639444,13.888191058101711,18.092543030950996,1.3027285523
2.303327265753161,1.7911730185823558,11.849373422749784,10.244547768907381,0.86456451353
1.6278838753094558,1.838736184700648,5.90644191503445,11.763274803706334,1.991600861
3.6470909163167087,0.2696795794463819,14.499487359420101,18.78347536132399,1.2954578942
0.6172220624640861,1.8827476001165346,15.66169158462813,13.642111875847009,0.87104970763
4.321090336119243,0.9257677415228899,17.456318115901084,4.814435912519862,0.27579904769
3.5518772596593777,1.8768395586653597,1.7281207707309891,8.398660285489614,4.859996146
1.4849679976401,0.49431435261395207,18.501832089597336,10.353876520033571,0.5596135815
1.136308888996185,1.2343527974505624,18.04617016458057,1.4265853093704415,0.079051970383
1.0913663377830325,0.8280478030031162,9.147427190139085,9.459246747115555,1.0340882251
3.0266725476633938,0.49244331352098103,12.021378257363411,10.893779208955008,0.90620051842
1.957911834117778,1.3698787535558146,17.694160692495995,1.1140000866713153,0.062958628331
3.6197095882842416,0.8942894938682534,2.9584538928040462,16.032141920614908,5.4190947372
3.4000476443209946,1.6754562975931628,11.057815064544148,4.524182970959932,0.40913896141
3.3720638531445717,1.1055166474799272,7.454707970557949,5.096349699210245,0.68364176294
0.7991994252104822,1.9442186133676576,11.619717677314615,10.915826204695342,0.93942266997
2.898008314934199,1.4166282280383728,10.086931496641865,5.241410749013991,0.51962390651
